District,Capital,Constituency,Comments,Region
Asunafo North Municipal,Goaso,Asunafo North,,Ahafo
Asunafo South,Kukuom,Asunafo South,,Ahafo
Asutifi North,Kenyasi,Asutifi North,,Ahafo
Asutifi South,Hwidiem,Asutifi South,,Ahafo
Tano North Municipal,Duayaw Nkwanta,Tano North,,Ahafo
Tano South Municipal,Bechem,Tano South,,Ahafo
Abura Asebu Kwamankese,Abura-Dunkwa,Abura-Asebu-Kwamankese,,Ashanti
Adansi North,Fomena,Fomena,,Ashanti
Adansi South,New Edubiase,New Edubease,,Ashanti
Afigya Kwabre North,Boamang,Afigya Kwabre North,,Ashanti
Afigya Kwabre South,Kodie,Afigya Kwabre South,,Ashanti
Ahafo Ano North Municipal,Tepa,Ahafo Ano North,,Ashanti
Ahafo Ano South East,Dwinyame / Adugyama,Ahafo Ano South East,Created 2012,Ashanti
Ahafo Ano South West,Mankranso,Ahafo Ano South West,,Ashanti
Akrofuom,Akrofuom,Akrofuom,Created 2004,Ashanti
Amansie Central,Jacobu,Odotobri,,Ashanti
Amansie South,Manso Adubia,Manso Edubia,Created 2012,Ashanti
Amansie West,Manso Nkwanta,Manso Nkwanta,,Ashanti
Asante Akim Central Municipal,Konongo,Asante Akim Central,,Ashanti
Asante Akim North,Agogo,Asante Akim North,Created 2012,Ashanti
Asante Akim South Municipal,Juaso,Asante Akim South,,Ashanti
Asokore Mampong,Asokore Mampong,Asawase,Created 2004,Ashanti
Asokwa Municipal,Asokwa,Asokwa,,Ashanti
Atwima Kwanwoma,Twedie,Atwima-Kwanwoma,,Ashanti
Atwima Mponua,Nyinahin,Atwima Mponua,,Ashanti
Atwima Nwabiagya Municipal,Nkawie,Atwima-Nwabiagya South,,Ashanti
Atwima Nwabiagya North,Barekese,Atwima-Nwabiagya North,Created 2012,Ashanti
Bekwai Municipal,Bekwai,Bekwai,,Ashanti
Bosome Freho,Asiwa,Bosome-Freho,,Ashanti
Bosomtwe,Kuntanse,Bosomtwe,,Ashanti
Ejisu Municipal,Ejisu,Ejisu,,Ashanti
Ejura Sekyedumase Municipal,Ejura,Ejura-Sekyedumase,,Ashanti
Juaben Municipal,Juaben,Juaben,Created 2012,Ashanti
Kumasi Metropolitan,Kumasi,Bantama,,Ashanti
Kumasi Metropolitan,Kumasi,Manhyia North,Created 2012,Ashanti
Kumasi Metropolitan,Kumasi,Manhyia South,,Ashanti
Kumasi Metropolitan,Kumasi,Nhyiaeso,Created 2004,Ashanti
Kumasi Metropolitan,Kumasi,Subin,,Ashanti
Kwabre East Municipal,Mamponteng,Kwabre East,,Ashanti
Kwadaso Municipal,Kwadaso,Kwadaso,Created 2004,Ashanti
Mampong Municipal,Mampong,Mampong,,Ashanti
Obuasi East Municipal,Tutuka,Obuasi East,Created 2012,Ashanti
Obuasi Municipal,Obuasi,Obuasi West,,Ashanti
Offinso Municipal,Offinso,Offinso South,,Ashanti
Offinso North,Akomadan,Offinso North,,Ashanti
Oforikrom Municipal,Oforikrom,Oforikrom,,Ashanti
Old Tafo Municipal,Old Tafo,Old Tafo,Created 2004,Ashanti
Sekyere Afram Plains,Drobonso,Sekyere Afram Plains,Created 2012,Ashanti
Sekyere Central,Nsuta,Nsuta-Kwamang,,Ashanti
Sekyere East,Effiduase,Afigya Sekyere East,,Ashanti
Sekyere Kumawu,Kumawu,Kumawu,,Ashanti
Sekyere South,Agona,Effiduase-Asokore,,Ashanti
Suame Municipal,Suame,Suame,Created 2004,Ashanti
Banda,Banda Ahenkro,Banda Ahenkro,Created 2012,Bono
Berekum East Municipal,Berekum,Berekum East,,Bono
Berekum West,Jinijini,Berekum West,Created 2012,Bono
Dormaa Central Municipal,Dormaa Ahenkro,Dormaa Central,,Bono
Dormaa East District,Wamfie,Dormaa East,,Bono
Dormaa West,Nkrankwanta,Dormaa West,Created 2012,Bono
Jaman North,Sampa,Jaman North,Created 2004,Bono
Jaman South Municipal,Drobo,Jaman South,,Bono
Sunyani Municipal,Sunyani,Sunyani East,,Bono
Sunyani West,Odumase,Sunyani West,,Bono
Tain,Nsawkaw,Tain,Created 2004,Bono
Wenchi Municipal,Wenchi,Wenchi,Created 2004,Bono
Atebubu-Amantin Municipal,Atebubu,Atebubu-Amantin,Created 2004,Bono East
Kintampo North Municipal,Kintampo,Kintampo North,Created 2004,Bono East
Kintampo South,Jema,Kintampo South,,Bono East
Nkoranza North,Busunya,Nkoranza North,Created 2004,Bono East
Nkoranza South Municipal,Nkoranza,Nkoranza South,,Bono East
Pru East,Yeji,Pru East,Pru created 2004Pru split 2012,Bono East
Pru West,Prang,Pru West,Created 2012,Bono East
Sene East,Kajaji,Sene East,Created 2012,Bono East
Sene West,Kwame Danso,Sene West,,Bono East
Techiman Municipal,Techiman,Techiman South,,Bono East
Techiman North,Tuobodom,Techiman North,,Bono East
Abura Asebu Kwamankese,Abura-Dunkwa,Abura-Asebu-Kwamankese,,Central
Agona East,Nsaba,Agona East,,Central
Agona West Municipal,Agona Swedru,Agona West,,Central
Ajumako Enyan Essiam,Ajumako,Ajumako-Enyan-Essiam,,Central
Asikuma Odoben Brakwa,Breman Asikuma,Asikuma-Odoben-Brakwa,,Central
Assin Central Municipal,Assin Foso,Assin Central,Created 2012,Central
Assin North,Assin Bereku,Assin North,,Central
Assin South,Nsuaem Kyekyewere,Assin South,,Central
Awutu Senya East Municipal,Kasoa,Awutu-Senya East,Created 2012,Central
Awutu Senya West,Awutu Breku,Awutu-Senya West,,Central
Cape Coast Metropolitan,Cape Coast,Cape Coast North,Created 2012,Central
Cape Coast Metropolitan,Cape Coast,Cape Coast South,,Central
Effutu Municipal,Winneba,Effutu,,Central
Ekumfi,Apam,Ekumfi,,Central
Gomoa Central,Afransi,Gomoa Central,Created 2012,Central
Gomoa East,Potsin,Gomoa East,,Central
Gomoa West,Esakyir,Gomoa West,,Central
Komenda-Edina-Eguafo-Abirem Municipal,Elmina,Komenda-Edina-Eguafo-Abirem,,Central
Mfantsiman Municipal,Saltpond,Mfantseman,,Central
Twifo Atti Morkwa,Twifo Praso,Twifo-Atii Morkwaa,,Central
Twifo/Heman/Lower Denkyira,Hemang,Hemang Lower Denkyira,Created 2004,Central
Upper Denkyira East Municipal,Dunkwa-on-Offin,Upper Denkyira East,Created 2004,Central
Upper Denkyira West,Diaso,Upper Denkyira West,Created 2004,Central
Abuakwa North Municipal,Kukurantumi,Abuakwa North,Created 2004,Eastern
Abuakwa South Municipal,Kibi,Abuakwa South,Created 2004,Eastern
Achiase,Achiase,Achiase,Created 2012,Eastern
Akuapim North Municipal,Akropong,Akropong,,Eastern
Akuapim South,Aburi,Akwapim South,Created 2012,Eastern
Akyemansa,Ofoase,Ofoase-Ayirebi,Created 2004,Eastern
Asene Manso Akroso,Manso,Asene Akroso Manso,Created 2012,Eastern
Asuogyaman,Atimpoku,Asuogyaman,,Eastern
Atiwa East,Anyinam,Atiwa East,Created 2012,Eastern
Atiwa West,Kwabeng,Atiwa West,,Eastern
Ayensuano,Coaltar,Ayensuano,,Eastern
Birim Central Municipal,Akim Oda,Akim Oda,,Eastern
Birim North,New Abirem,Abirem,,Eastern
Birim South,Akim Swedru,Akim Swedru,,Eastern
Denkyembour,Akwatia,Akwatia,,Eastern
Fanteakwa North,Begoro,Fanteakwa North,,Eastern
Fanteakwa South,Osino,Fanteakwa South,Created 2012,Eastern
Kwaebibirem Municipal,Kade,Kade,,Eastern
Kwahu Afram Plains North,Donkorkrom,Afram Plains North,,Eastern
Kwahu Afram Plains South,"Tease, Ghana",Afram Plains South,,Eastern
Kwahu East,Abetifi,Abetifi,,Eastern
Kwahu South,Mpraeso,Mpraeso,,Eastern
Kwahu West Municipal,Nkawkaw,Nkawkaw,,Eastern
Lower Manya Krobo Municipal,Krobo Odumase,Lower Manya,,Eastern
New Juaben North Municipal,Effiduase,New Juaben North,,Eastern
New Juaben South Municipal,Koforidua,New Juaben South,,Eastern
Nsawam Adoagyire Municipal,Nsawam,Nsawam Adoagyiri,,Eastern
Okere,Adukrom,Okere,,Eastern
Suhum Municipal District,Suhum,Suhum,,Eastern
Upper Manya Krobo,Asesewa,Upper Manya,,Eastern
Upper West Akim,Adeiso,Upper West Akim,,Eastern
West Akim Municipal,Asamankese,Lower West Akim,,Eastern
Yilo Krobo Municipal,Somanya,Yilo Krobo,,Eastern
Ablekuma Central Municipal Assembly,Lartebiokorshie,Ablekuma Central,,Greater Accra
Ablekuma North Municipal Assembly,Darkuman,Ablekuma North,,Greater Accra
Ablekuma West Municipal Assembly,Dansoman,Ablekuma West,Created 2012,Greater Accra
Accra Metropolitan Assembly,Accra,Okaikwei South,,Greater Accra
Accra Metropolitan Assembly,Accra,Okaikwei Central,Created 2012,Greater Accra
Accra Metropolitan Assembly,Accra,Odododiodio,,Greater Accra
Accra Metropolitan Assembly,Accra,Ablekuma South,,Greater Accra
Ada East,Ada Foah,Ada,,Greater Accra
Ada West,Sege,Sege,Created 2004,Greater Accra
Adenta Municipal,Adenta,Adenta,Created 2004,Greater Accra
Ashaiman Municipal,Ashaiman,Ashaiman,,Greater Accra
Ayawaso Central Municipal,Kokomlemle,Ayawaso Central,,Greater Accra
Ayawaso East Municipal Assembly,Nima,Ayawaso East,,Greater Accra
Ayawaso North Municipal Assembly,Accra New Town,Ayawaso North,Created 2012,Greater Accra
Ayawaso West Municipal Assembly,Dzorwulu,Ayawaso West,,Greater Accra
Ga Central Municipal,Sowutuom,Anyaa-Sowutuom,Created 2012,Greater Accra
Ga East Municipal,Abokobi,Dome-Kwabenya,Created 2004,Greater Accra
Ga North Municipal,Amomole,Trobu,Created from Trobu-Amasaman 2012,Greater Accra
Ga South Municipal,Ngleshie Amanfro,Bortianor-Ngleshie-Amanfrom,Created 2012,Greater Accra
Ga South Municipal,Ngleshie Amanfro,Domeabra-Obom,Created 2004,Greater Accra
Ga West Municipal,Amasaman,Amasaman,Trobu-Amasaman 2004Split 2012,Greater Accra
Korle-Klottey Municipal Assembly,Osu,Korle Klottey,,Greater Accra
Kpone Katamanso Municipal Assembly,Kpone,Kpone-Katamanso,,Greater Accra
Krowor Municipal Assembly,Nungua,Krowor,,Greater Accra
La Dade Kotopon Municipal Assembly,La,Dade Kotopon,,Greater Accra
La Nkwantanang Madina Municipal,Madina,Abokobi-Madina,Created 2004,Greater Accra
Ledzokuku Municipal,Teshie,Ledzokuku,,Greater Accra
Ningo Prampram,Prampram,Ningo-Prampram,,Greater Accra
Okaikwei North Municipal,Tesano,Okaikwei North,,Greater Accra
Shai Osudoku,Dodowa,Shai-Osudoku,,Greater Accra
Tema Metropolitan Assembly,Tema,Tema Central,Created 2012,Greater Accra
Tema Metropolitan Assembly,Tema,Tema East,,Greater Accra
Tema West Municipal,Tema Community 18,Tema West,,Greater Accra
Weija Gbawe Municipal Assembly,Weija,Weija,Created 2004,Greater Accra
Bunkpurugu Nyankpanduri,Bunkpurugu,Bunkpurugu,,North East
Chereponi,Chereponi,Chereponi,,North East
East Mamprusi Municipal,Nalerigu,Nalerigu,,North East
Mamprugu Moagduri,Yagaba,Yagaba-Kubori,Created 2004,North East
West Mamprusi Municipal,Walewale,Walewale,Created 2004,North East
Yunyoo-Nasuan,Yunyoo,Yunyoo,Created 2012,North East
Gushegu Municipal,Gushegu,Gushegu,,Northern
Karaga,Karaga,Karaga,Created 2004,Northern
Kpandai,Kpandai,Kpandai,,Northern
Kumbungu,Kumbungu,Kumbungu,,Northern
Mion,Sang,Mion,,Northern
Nanton,Nanton,Nanton,,Northern
Nanumba North Municipal,Bimbilla,Bimbilla,,Northern
Nanumba South,Wulensi,Wulensi,,Northern
Saboba,Saboba,Saboba,,Northern
Sagnarigu Municipal,Sagnarigu,Sagnarigu,Created 2004,Northern
Savelugu Municipal,Savelugu,Savelugu,,Northern
Tamale Metropolitan,Tamale,Tamale Central,Created 2004,Northern
Tamale Metropolitan,Tamale,Tamale South,Created 2004,Northern
Tamale Metropolitan,Tamale,Tamale North,,Northern
Tatale Sanguli,Tatale,Tatale-Sanguli,Created 2012,Northern
Tolon,Tolon,Tolon,,Northern
Yendi Municipal,Yendi,Yendi,,Northern
Zabzugu,Zabzugu,Zabzugu,,Northern
Biakoye,Nkonya Ahenkro,Biakoye,,Oti
Guan District,Likpe-Mate,Guan,created 2020[2][3],Oti
Jasikan,Jasikan,Buem,,Oti
Kadjebi,Kadjebi,Akan,,Oti
Krachi East Municipal,Dambai,Krachi East,Created 2004,Oti
Krachi Nchumuru,Chinderi,Krachi Nchumuru,Created 2012,Oti
Krachi West,Kete Krachi,Krachi West,Krachi split in 2004,Oti
Nkwanta North,Kpassa,Nkwanta North,Created 2004,Oti
Nkwanta South Municipal,Nkwanta,Nkwanta South,Split from Nkwanta 2004,Oti
Bole,Bole,Bole,,Savannah
Central Gonja,Buipe,Yapei-Kusawgu,,Savannah
East Gonja Municipal,Salaga,Salaga South,,Savannah
North East Gonja,Kpalbe,Salaga North,Created 2012,Savannah
North Gonja,Daboya,Daboya-Mankarigu,Created 2012,Savannah
Sawla-Tuna-Kalba,Sawla,Sawla-Tuna-Kalba,,Savannah
West Gonja Municipal,Damongo,Damango,,Savannah
Bawku Municipal,Bawku,Bawku Central,,Upper East
Bawku West,Zebilla,Zebilla,Created 2004,Upper East
Binduri,Binduri,Binduri,,Upper East
Bolgatanga East,Zuarungu,Bolgatanga East,Created 2012,Upper East
Bolgatanga Municipal,Bolgatanga,Bolgatanga Central,,Upper East
Bongo,Bongo,Bongo,,Upper East
Builsa North Municipal,Sandema,Builsa North,,Upper East
Builsa South,Fumbisi,Builsa South,,Upper East
Garu,Garu,Garu,,Upper East
Kassena Nankana Municipal,Navrongo,Navrongo Central,,Upper East
Kassena Nankana West,Paga,Chiana-Paga,,Upper East
Nabdam,Nangodi,Nabdam,,Upper East
Pusiga,Pusiga,Pusiga,Created 2004,Upper East
Talensi,Tongo,Talensi,,Upper East
Tempane,Tempane,Tempane,Created 2012,Upper East
Daffiama Bussie Issa,Issa,Daffiama-Bussie-Issa,Renamed from Nadowli East,Upper West
Jirapa Municipal,Jirapa,Jirapa,,Upper West
Lambussie Karni,Lambussie,Lambussie,,Upper West
Lawra Municipal,Lawra,Lawra,,Upper West
Nadowli-Kaleo,Nadowli,Nadowli Kaleo,Created 2004 as Nadowli West,Upper West
Nandom Municipal,Nandom,Nandom,Created 2012,Upper West
Sissala East Municipal,Tumu,Sissala East,Split from Sissala 2004,Upper West
Sissala West,Gwollu,Sissala West,Split from Sissala 2004,Upper West
Wa East,Funsi,Wa East,,Upper West
Wa Municipal,Wa,Wa Central,,Upper West
Wa West,Wechiau,Wa West,Created 2004,Upper West
Adaklu District,Adaklu Waya,Adaklu,Created 2012,Volta
Afadzato South,Ve Golokwati,Afadjato South,,Volta
Agotime Ziope,Kpetoe,Agotime-Ziope,,Volta
Akatsi North,Ave-Dakpa,Akatsi North,Created 2012,Volta
Akatsi South,Akatsi,Akatsi South,,Volta
Anloga,Anloga,Anlo,,Volta
Central Tongu,Adidome,Central Tongu,Created 2004,Volta
Ho Municipal,Ho,Ho Central,,Volta
Ho West,Dzolokpuita,Ho West,,Volta
Hohoe Municipal,Hohoe,Hohoe,,Volta
Keta Municipal,Keta,Keta,,Volta
Ketu North Municipal,Dzodze,Ketu North,,Volta
Ketu South Municipal,Denu,Ketu South,,Volta
Kpando Municipal,Kpando,Kpando,,Volta
North Dayi,Anfoega,North Dayi,Created 2012,Volta
North Tongu,Battor Dugame,North Tongu,,Volta
South Dayi,Kpeve,South Dayi,,Volta
South Tongu,Sogakope,South Tongu,,Volta
Ahanta West Municipal,Agona Ahanta,Ahanta West,,Western
Amenfi Central,Manso,Amenfi Central,,Western
Amenfi West Municipal,Asankragua,Amenfi West,,Western
Bibiani Anhwiaso Bekwai Municipal,Bibiani,Bibiani-Anhwiaso-Bekwai,,Western North
Effia Kwesimintsim Municipal[11],Kwesimintsim,Effia,,Western
Effia Kwesimintsim Municipal[11],Kwesimintsim,Kwesimintsim[11],Created 2012,Western
Ellembelle,Nkroful,Ellembelle,,Western
Jomoro Municipal,Half Assini,Jomoro,,Western
Mpohor,Mpohor,Mpohor,Created 2012,Western
Nzema East Municipal,Axim,Evalue Gwira Evalue-Gwira,,Western
Prestea-Huni Valley Municipal,Bogoso,Prestea-Huni Valley,Created 2008,Western
Sekondi Takoradi Metropolitan,Sekondi-Takoradi,Essikado-Ketan,Created 2004,Western
Sekondi Takoradi Metropolitan,Sekondi-Takoradi,Sekondi,,Western
Sekondi Takoradi Metropolitan,Sekondi-Takoradi,Takoradi,,Western
Shama,Shama,Shama,,Western
Tarkwa-Nsuaem Municipal,Tarkwa,Tarkwa-Nsuaem,,Western
Wassa Amenfi East Municipal,Wassa-Akropong,Amenfi East,,Western
Wassa East,Daboase,Wassa East,,Western
Aowin Municipal,Enchi,Aowin,Created 2004,Western North
Bia East,Adabokrom,Bia East,Created 2012,Western North
Bia West,Essam,Bia West,,Western North
Bodi,Bodi,Bodi,Created 2012,Western North
Juaboso,Juaboso,Juabeso,,Western North
Sefwi Akontombra,Sefwi Akontombra,Sefwi-Akontombra,Created 2004,Western North
Sefwi-Wiawso Municipal,Wiawso,Sefwi-Wiawso,,Western North
Suaman,Suaman,Suaman,,Western North
